Date,City,AGR,Casino Square Feet,Admissions,AGR Per Square Foot,AGR Per Admission,State Share,Local Share
"January, 2010",Alton,6474000,23000,86535,281,75,821000,410000
"January, 2010",East Peoria,9438000,26116,103584,361,91,1151000,575000
"January, 2010",Rock Island,5950000,42000,100593,142,59,696000,398000
"January, 2010",Metropolis,8620000,30985,76460,278,113,1015000,507000
"January, 2010",Aurora,14988000,41384,128605,362,117,1756000,878000
"January, 2010",East Saint Louis,11908000,40000,174512,298,68,1540000,770000
"January, 2010",Elgin,24112000,29850,178005,808,135,2767000,1384000
"January, 2010",Joliet,34027000,89000,316164,382,107,4035000,2017000
"February, 2010",Alton,6671000,23000,88387,290,75,844000,422000
"February, 2010",East Peoria,9138000,26116,105654,350,86,1125000,563000
"February, 2010",Rock Island,6117000,42000,104030,146,59,716000,410000
"February, 2010",Metropolis,8990000,30985,79767,290,113,1059000,529000
"February, 2010",Aurora,15864000,41384,128410,383,124,2282000,922000
"February, 2010",East Saint Louis,12778000,40000,181740,319,70,1641000,821000
"February, 2010",Elgin,21912000,29850,167868,734,131,4104000,1263000
"February, 2010",Joliet,32753000,89000,305014,368,107,5144000,1942000
"March, 2010",Alton,7096000,23000,95021,309,75,900000,450000
"March, 2010",East Peoria,10914000,26116,121405,418,90,1671000,667000
"March, 2010",Rock Island,6951000,42000,119359,165,58,814000,467000
"March, 2010",Metropolis,9783000,30985,83921,316,117,1326000,573000
"March, 2010",Aurora,16975000,41384,134313,410,126,3239000,983000
"March, 2010",East Saint Louis,12168000,40000,180225,304,68,2466000,789000
"March, 2010",Elgin,25467000,29850,189186,853,135,5910000,1463000
"March, 2010",Joliet,36443000,89000,330458,409,110,7713000,2153000
"April, 2010",Alton,6647000,23000,88547,289,75,983000,421000
"April, 2010",East Peoria,9592000,26116,108615,367,88,1896000,588000
"April, 2010",Rock Island,6807000,42000,113772,162,60,856000,454000
"April, 2010",Metropolis,9382000,30985,79887,303,117,1802000,549000
"April, 2010",Aurora,15621000,41384,126183,377,124,3658000,907000
"April, 2010",East Saint Louis,10728000,40000,167263,268,64,2212000,704000
"April, 2010",Elgin,24952000,29850,179770,836,139,7046000,1427000
"April, 2010",Joliet,34468000,89000,298910,387,115,8327000,2022000
"May, 2010",Alton,6863000,23000,91460,298,75,1384000,435000
"May, 2010",East Peoria,10297000,26116,115612,394,89,2033000,630000
"May, 2010",Rock Island,7102000,42000,127190,169,56,1370000,482000
"May, 2010",Metropolis,10094000,30985,86605,326,117,1940000,591000
"May, 2010",Aurora,15145000,41384,127805,366,118,3843000,885000
"May, 2010",East Saint Louis,11381000,40000,175792,285,65,2791000,745000
"May, 2010",Elgin,25406000,29850,186419,851,136,8452000,1457000
"May, 2010",Joliet,34959000,89000,308468,392,113,9927000,2057000
"June, 2010",Alton,6017000,23000,84869,262,71,1223000,386000
"June, 2010",East Peoria,9388000,26116,108566,359,86,2298000,578000
"June, 2010",Rock Island,6476000,42000,113064,154,57,1246000,437000
"June, 2010",Metropolis,9341000,30985,83382,301,112,2112000,550000
"June, 2010",Aurora,14678000,41384,117821,355,125,4272000,852000
"June, 2010",East Saint Louis,9635000,40000,167605,241,57,2503000,649000
"June, 2010",Elgin,22837000,29850,170968,765,134,7764000,1313000
"June, 2010",Joliet,30920000,89000,277084,347,111,9607000,1824000
"July, 2010",Alton,6848000,23000,91959,298,74,1382000,434000
"July, 2010",East Peoria,10116000,26116,121666,387,83,2519000,627000
"July, 2010",Rock Island,7503000,42000,140259,179,53,1453000,515000
"July, 2010",Metropolis,10569000,30985,94753,341,112,2568000,623000
"July, 2010",Aurora,15317000,41384,129683,370,118,4901000,896000
"July, 2010",East Saint Louis,11261000,40000,192470,282,59,3162000,756000
"July, 2010",Elgin,24957000,29850,192081,836,130,9968000,1440000
"July, 2010",Joliet,34086000,89000,310010,382,109,11100000,2014000
"August, 2010",Alton,6630000,23000,89812,288,74,1502000,421000
"August, 2010",East Peoria,9694000,26116,117844,371,82,2596000,603000
"August, 2010",Rock Island,6863000,42000,124032,163,55,1514000,467000
"August, 2010",Metropolis,9585000,30985,84916,309,113,2395000,564000
"August, 2010",Aurora,15298000,41384,123613,370,124,5219000,889000
"August, 2010",East Saint Louis,10535000,40000,177635,263,59,3252000,704000
"August, 2010",Elgin,24326000,29850,181993,815,134,10094000,1398000
"August, 2010",Joliet,32435000,89000,287010,364,113,11990000,1909000
"September, 2010",Alton,6220000,23000,83268,270,75,1566000,394000
"September, 2010",East Peoria,9356000,26116,108999,358,86,2791000,577000
"September, 2010",Rock Island,6702000,42000,119859,160,56,1628000,455000
"September, 2010",Metropolis,9428000,30985,83811,304,112,2760000,555000
"September, 2010",Aurora,14573000,41384,117614,352,124,4971000,846000
"September, 2010",East Saint Louis,10510000,40000,169843,263,62,3275000,695000
"September, 2010",Elgin,23508000,29850,169556,788,139,10616000,1345000
"September, 2010",Joliet,29287000,89000,273411,329,107,11531000,1738000
"October, 2010",Alton,6533000,23000,86859,284,75,1644000,414000
"October, 2010",East Peoria,10163000,26116,108657,389,94,3012000,617000
"October, 2010",Rock Island,6880000,42000,117978,164,58,1666000,462000
"October, 2010",Metropolis,10109000,30985,81608,326,124,2943000,587000
"October, 2010",Aurora,14928000,41384,122393,361,122,5350000,869000
"October, 2010",East Saint Louis,10440000,40000,166166,261,63,3725000,688000
"October, 2010",Elgin,25738000,29850,181798,862,142,11946000,1469000
"October, 2010",Joliet,31872000,89000,281810,358,113,12937000,1875000
"November, 2010",Alton,5788000,23000,77199,252,75,1457000,367000
"November, 2010",East Peoria,8794000,26116,96279,337,91,2956000,536000
"November, 2010",Rock Island,6287000,42000,108437,150,58,1523000,423000
"November, 2010",Metropolis,8563000,30985,71049,276,121,2720000,499000
"November, 2010",Aurora,14017000,41384,118423,339,118,5844000,819000
"November, 2010",East Saint Louis,9600000,40000,145591,240,66,3411000,626000
"November, 2010",Elgin,22300000,29850,164120,747,136,10363000,1279000
"November, 2010",Joliet,29974000,89000,248690,336,120,12684000,1747000
"December, 2010",Alton,5587000,23000,71142,243,79,1518000,351000
"December, 2010",East Peoria,8426000,26116,90786,323,93,2920000,512000
"December, 2010",Rock Island,5797000,42000,94029,138,62,1620000,384000
"December, 2010",Metropolis,8524000,30985,66329,275,129,2903000,493000
"December, 2010",Aurora,13770000,41384,113158,333,122,5735000,802000
"December, 2010",East Saint Louis,10065000,40000,147270,252,68,3566000,651000
"December, 2010",Elgin,21621000,29850,161275,724,134,10052000,1242000
"December, 2010",Joliet,28734000,89000,242398,322,118,12010000,1679000
"January, 2011",Alton,5604000,23000,75185,244,75,722000,355000
"January, 2011",East Peoria,9209000,26116,98362,353,94,1118000,559000
"January, 2011",Rock Island,6487000,42000,102415,154,63,751000,427000
"January, 2011",Metropolis,8306000,30985,66787,268,124,964000,482000
"January, 2011",Aurora,14409000,41384,118336,348,122,1678000,839000
"January, 2011",East Saint Louis,9499000,40000,148465,237,64,1268000,623000
"January, 2011",Elgin,22848000,29850,165215,765,138,2615000,1308000
"January, 2011",Joliet,32212000,89000,282267,361,114,3786000,1893000
"February, 2011",Alton,6267000,23000,76895,272,82,781000,390000
"February, 2011",East Peoria,9452000,26116,95255,362,99,1136000,568000
"February, 2011",Rock Island,6565000,42000,102463,156,64,759000,431000
"February, 2011",Metropolis,8655000,30985,70397,279,123,1006000,503000
"February, 2011",Aurora,13419000,41384,111442,324,120,1777000,782000
"February, 2011",East Saint Louis,11671000,40000,154817,292,75,1477000,738000
"February, 2011",Elgin,20938000,29850,150110,701,139,3803000,1197000
"February, 2011",Joliet,31249000,89000,262763,351,118,4659000,1825000
"March, 2011",Alton,7055000,1103,84436,6396,84,874000,437000
"March, 2011",East Peoria,10679000,26116,111040,409,96,1616000,645000
"March, 2011",Rock Island,7655000,42000,121657,182,63,887000,504000
"March, 2011",Metropolis,7983000,30985,63303,258,126,925000,462000
"March, 2011",Aurora,16266000,41384,137265,393,118,3121000,951000
"March, 2011",East Saint Louis,11729000,40000,168321,293,70,2102000,755000
"March, 2011",Elgin,26013000,29850,180152,871,144,5902000,1481000
"March, 2011",Joliet,34463000,89000,326995,387,105,7071000,2050000
"April, 2011",Alton,6690000,23000,81628,291,82,879000,416000
"April, 2011",East Peoria,10648000,26116,105413,408,101,2074000,638000
"April, 2011",Rock Island,8110000,42000,126124,193,64,1223000,532000
"April, 2011",Metropolis,7362000,30985,56307,238,131,1397000,424000
"April, 2011",Aurora,16151000,41384,132954,390,121,3605000,941000
"April, 2011",East Saint Louis,11221000,40000,160541,281,70,2285000,722000
"April, 2011",Elgin,25669000,29850,173597,860,148,7146000,1457000
"April, 2011",Joliet,34469000,89000,303024,387,113,8011000,2027000
"May, 2011",Alton,6485000,23000,82303,282,79,1300000,407000
"May, 2011",East Peoria,9442000,26116,100853,362,94,1854000,573000
"May, 2011",Rock Island,7448000,42000,114101,177,65,1418000,487000
"May, 2011",Metropolis,2279000,30985,15429,74,148,430000,129000
"May, 2011",Aurora,15933000,41384,132334,385,120,3909000,929000
"May, 2011",East Saint Louis,10960000,40000,164216,274,67,2500000,712000
"May, 2011",Elgin,24542000,29850,169170,822,145,8088000,1396000
"May, 2011",Joliet,32944000,89000,307830,370,107,8980000,1955000
"June, 2011",Alton,5949000,23000,82087,259,72,1205000,380000
"June, 2011",East Peoria,9518000,26116,98815,364,96,2311000,575000
"June, 2011",Rock Island,6823000,42000,111473,162,61,1305000,453000
"June, 2011",Metropolis,8707000,30985,70777,281,123,1665000,506000
"June, 2011",Aurora,14339000,41384,128477,346,112,4200000,845000
"June, 2011",East Saint Louis,10446000,40000,159944,261,65,2670000,682000
"June, 2011",Elgin,23629000,29850,162932,792,145,8005000,1344000
"June, 2011",Joliet,32295000,89000,271405,362,118,9941000,1886000
"July, 2011",Alton,6390000,23000,87689,278,73,1294000,407000
"July, 2011",East Peoria,10699000,26116,108653,410,98,2624000,644000
"July, 2011",Rock Island,7792000,42000,129402,186,60,1537000,519000
"July, 2011",Metropolis,10230000,30985,79438,330,129,2125000,591000
"July, 2011",Aurora,15710000,41384,141010,380,111,4913000,926000
"July, 2011",East Saint Louis,11382000,40000,181855,285,63,3020000,751000
"July, 2011",Elgin,22964000,29850,172801,769,133,9054000,1321000
"July, 2011",Des Plaines,17477000,43687,270726,400,65,2289000,1145000
"July, 2011",Joliet,31963000,89000,289477,359,110,10314000,1888000
"August, 2011",Alton,5702000,23000,81288,248,70,1168000,366000
"August, 2011",East Peoria,9383000,26116,100934,359,93,2514000,570000
"August, 2011",Rock Island,7204000,42000,114747,172,63,1736000,475000
"August, 2011",Metropolis,8398000,30985,69820,271,120,2029000,490000
"August, 2011",Aurora,14703000,41384,125666,355,117,5030000,861000
"August, 2011",East Saint Louis,10342000,40000,166718,259,62,3177000,684000
"August, 2011",Elgin,18465000,29850,140039,619,132,7666000,1063000
"August, 2011",Des Plaines,34116000,43687,414257,781,82,6314000,2120000
"August, 2011",Joliet,28250000,89000,260398,317,108,9603000,1673000
"September, 2011",Alton,5890000,23000,78874,256,75,1483000,373000
"September, 2011",East Peoria,9452000,26116,97968,362,96,2795000,571000
"September, 2011",Rock Island,7241000,42000,107602,172,67,1737000,470000
"September, 2011",Metropolis,8727000,30985,70521,282,124,2105000,507000
"September, 2011",Aurora,13062000,41384,120143,316,109,4486000,773000
"September, 2011",East Saint Louis,10925000,40000,164289,273,67,3333000,711000
"September, 2011",Elgin,17884000,29850,135117,599,132,7571000,1029000
"September, 2011",Des Plaines,30149000,43687,337216,690,89,7795000,1845000
"September, 2011",Joliet,27046000,89000,249687,303,108,10545000,1602000
"October, 2011",Alton,5746000,23000,73332,250,78,1440000,361000
"October, 2011",East Peoria,9411000,26116,97391,360,97,2783000,568000
"October, 2011",Rock Island,7199000,42000,103492,171,70,1723000,463000
"October, 2011",Metropolis,8169000,30985,70563,264,116,2170000,479000
"October, 2011",Aurora,13325000,41384,118209,322,113,4567000,784000
"October, 2011",East Saint Louis,10407000,40000,162717,260,64,3616000,683000
"October, 2011",Elgin,18176000,29850,139631,609,130,8459000,1048000
"October, 2011",Des Plaines,30694000,43687,318178,703,96,9699000,1853000
"October, 2011",Joliet,28814000,89000,248954,323,115,11242000,1689000
"November, 2011",Alton,5601000,23000,68591,244,82,1397000,349000
"November, 2011",East Peoria,8642000,26116,92785,331,93,2889000,525000
"November, 2011",Rock Island,6486000,42000,96161,154,67,1756000,420000
"November, 2011",Metropolis,7945000,30985,64424,256,123,2314000,462000
"November, 2011",Aurora,12886000,41384,115530,311,112,5184000,760000
"November, 2011",East Saint Louis,10135000,40000,150263,253,67,3595000,657000
"November, 2011",Elgin,16807000,29850,128917,563,130,7821000,969000
"November, 2011",Des Plaines,32039000,43687,296751,733,108,11006000,1899000
"November, 2011",Joliet,26905000,89000,240395,302,111,10731000,1586000
"December, 2011",Alton,5575000,23000,71370,242,78,1397000,350000
"December, 2011",East Peoria,9036000,26116,98625,346,92,3134000,550000
"December, 2011",Rock Island,6855000,42000,102742,163,67,1988000,446000
"December, 2011",Metropolis,8720000,30985,68838,281,127,2536000,505000
"December, 2011",Aurora,12979000,41384,117243,314,111,5426000,766000
"December, 2011",East Saint Louis,11165000,40000,164034,279,68,3957000,722000
"December, 2011",Elgin,18973000,29850,147721,636,128,8833000,1096000
"December, 2011",Des Plaines,32998000,43687,308767,755,107,13403000,1959000
"December, 2011",Joliet,29062000,89000,253908,326,114,12284000,1707000
"January, 2012",Alton,5453000,23000,68365,237,80,682000,341000
"January, 2012",East Peoria,9383000,26116,92587,359,101,1123000,562000
"January, 2012",Rock Island,6677000,42000,95736,159,70,763000,430000
"January, 2012",Metropolis,7658000,30985,62559,247,122,891000,445000
"January, 2012",Aurora,10925000,41384,99636,264,110,1292000,646000
"January, 2012",East Saint Louis,10724000,40000,152015,268,71,1376000,688000
"January, 2012",Elgin,18439000,29850,138810,618,133,2122000,1061000
"January, 2012",Des Plaines,30307000,43687,291527,694,104,4012000,1807000
"January, 2012",Joliet,27354000,89000,234295,307,116,3204000,1602000
"February, 2012",Alton,6189000,23000,74825,269,83,769000,384000
"February, 2012",East Peoria,10145000,26116,104235,388,97,1223000,611000
"February, 2012",Rock Island,7508000,42000,109753,179,68,861000,485000
"February, 2012",Metropolis,9078000,30985,70528,293,129,1049000,524000
"February, 2012",Aurora,13405000,41384,117825,324,114,1576000,788000
"February, 2012",East Saint Louis,11730000,40000,165917,293,71,1505000,752000
"February, 2012",Elgin,19442000,29850,147861,651,131,3206000,1120000
"February, 2012",Des Plaines,37537000,43687,333752,859,112,8129000,2211000
"February, 2012",Joliet,29896000,89000,255861,335,116,4273000,1751000
"March, 2012",Alton,6396000,23000,77447,278,83,794000,397000
"March, 2012",East Peoria,10502000,26116,107737,402,97,1643000,633000
"March, 2012",Rock Island,8313000,42000,118456,198,70,950000,534000
"March, 2012",Metropolis,9082000,30985,72430,293,125,1114000,527000
"March, 2012",Aurora,13908000,41384,131369,336,106,2646000,827000
"March, 2012",East Saint Louis,12056000,40000,166841,301,72,2253000,770000
"March, 2012",Elgin,20107000,29850,158537,674,127,4235000,1164000
"March, 2012",Des Plaines,34828000,43687,339911,797,102,10033000,2081000
"March, 2012",Joliet,31830000,89000,276179,357,115,6090000,1867000
"April, 2012",Alton,6132000,23000,71342,267,86,756000,378000
"April, 2012",East Peoria,9782000,26116,99838,375,98,1911000,589000
"April, 2012",Rock Island,7462000,42000,109924,178,68,1228000,483000
"April, 2012",Metropolis,8435000,30985,65808,272,128,1608000,488000
"April, 2012",Aurora,13503000,41384,118944,326,114,2688000,794000
"April, 2012",East Saint Louis,11120000,40000,150612,278,74,2247000,707000
"April, 2012",Elgin,19123000,29850,134404,641,142,4677000,1091000
"April, 2012",Des Plaines,35579000,43687,322098,814,110,12208000,2101000
"April, 2012",Joliet,31050000,89000,272776,348,113,6929000,1825000
"May, 2012",Alton,5822000,23000,74279,253,78,1105000,365000
"May, 2012",East Peoria,9828000,26116,101978,376,96,1924000,593000
"May, 2012",Rock Island,7331000,42000,108384,175,68,1391000,475000
"May, 2012",Metropolis,8179000,30985,66777,264,122,1565000,476000
"May, 2012",Aurora,12643000,41384,117699,306,107,3080000,750000
"May, 2012",East Saint Louis,10784000,40000,157082,270,69,2522000,696000
"May, 2012",Elgin,18759000,29850,138724,628,135,5436000,1077000
"May, 2012",Des Plaines,35277000,43687,335875,808,105,13902000,2100000
"May, 2012",Joliet,29182000,89000,279774,327,104,7776000,1739000
"June, 2012",Alton,6045000,23000,73256,263,83,1204000,376000
"June, 2012",East Peoria,9919000,26116,101941,380,97,2418000,598000
"June, 2012",Rock Island,7456000,42000,113123,178,66,1418000,486000
"June, 2012",Metropolis,8104000,30985,64039,262,127,1573000,469000
"June, 2012",Aurora,12803000,41384,115168,309,111,3220000,755000
"June, 2012",East Saint Louis,11321000,40000,158296,283,72,2864000,724000
"June, 2012",Elgin,17547000,29850,136549,588,129,5769000,1014000
"June, 2012",Des Plaines,42545000,43687,325115,974,131,18472000,2452000
"June, 2012",Joliet,29681000,89000,273141,333,108,8551000,1757000
"July, 2012",Alton,6217000,23000,81777,270,76,1252000,393000
"July, 2012",East Peoria,9970000,26116,109242,382,91,2462000,608000
"July, 2012",Rock Island,7709000,42000,119821,184,64,1592000,505000
"July, 2012",Metropolis,8663000,30985,69267,280,125,2088000,502000
"July, 2012",Aurora,12594000,41384,117820,304,107,3699000,748000
"July, 2012",East Saint Louis,10984000,40000,171767,275,64,3001000,721000
"July, 2012",Elgin,17524000,29850,142395,587,123,5980000,1019000
"July, 2012",Des Plaines,36111000,43687,354037,827,102,16958000,2160000
"July, 2012",Joliet,32769000,89000,291841,368,112,10315000,1931000
"August, 2012",Alton,6212000,23000,77684,270,80,1242000,388000
"August, 2012",East Peoria,9759000,26116,106116,374,92,2622000,594000
"August, 2012",Rock Island,7633000,42000,113540,182,67,1831000,495000
"August, 2012",Metropolis,8218000,30985,65435,265,126,1980000,476000
"August, 2012",Aurora,12815000,41384,114345,310,112,3883000,755000
"August, 2012",East Saint Louis,11178000,40000,158418,279,71,3391000,717000
"August, 2012",Elgin,16411000,29850,136557,550,120,5607000,957000
"August, 2012",Des Plaines,26414000,43687,359530,605,73,12605000,1680000
"August, 2012",Joliet,30420000,89000,276258,341,110,9839000,1798000
"September, 2012",Alton,5592000,23000,72730,243,77,1327000,352000
"September, 2012",East Peoria,9507000,26116,99726,364,95,2814000,575000
"September, 2012",Rock Island,7144000,42000,112933,170,63,1720000,470000
"September, 2012",Metropolis,8385000,30985,63506,271,132,2054000,483000
"September, 2012",Aurora,12751000,41384,115217,308,111,4374000,753000
"September, 2012",East Saint Louis,10321000,40000,152195,258,68,3154000,668000
"September, 2012",Elgin,16353000,29850,135789,548,120,6614000,953000
"September, 2012",Des Plaines,40356000,43687,340821,924,118,18842000,2359000
"September, 2012",Joliet,27297000,89000,248909,306,109,10034000,1614000
"October, 2012",Alton,5755000,23000,70008,250,82,1435000,358000
"October, 2012",East Peoria,9210000,26116,95887,353,96,2724000,556000
"October, 2012",Rock Island,7272000,42000,106215,173,68,1742000,470000
"October, 2012",Metropolis,7569000,30985,60486,244,125,2202000,439000
"October, 2012",Aurora,12411000,41384,107917,300,115,4249000,728000
"October, 2012",East Saint Louis,10519000,40000,147576,263,71,3714000,674000
"October, 2012",Elgin,15442000,29850,124226,517,124,6425000,896000
"October, 2012",Des Plaines,33271000,43687,337066,762,99,15646000,2001000
"October, 2012",Joliet,27180000,89000,243019,305,111,10551000,1602000
"November, 2012",Alton,5691000,23000,68650,247,83,1418000,353000
"November, 2012",East Peoria,9222000,26116,93154,353,99,3084000,554000
"November, 2012",Rock Island,6663000,42000,95293,159,70,1903000,428000
"November, 2012",Metropolis,7285000,30985,54303,235,134,2112000,419000
"November, 2012",Aurora,11557000,41384,107825,279,107,3972000,686000
"November, 2012",East Saint Louis,10215000,40000,139212,255,73,3598000,650000
"November, 2012",Elgin,16521000,29850,123805,553,133,6856000,950000
"November, 2012",Des Plaines,29466000,43687,306725,674,96,13873000,1780000
"November, 2012",Joliet,27629000,89000,238930,310,115,10716000,1621000
"December, 2012",Alton,5471000,23000,66143,238,83,1363000,340000
"December, 2012",East Peoria,9056000,26116,93866,347,96,3131000,547000
"December, 2012",Rock Island,6702000,42000,95062,160,70,1938000,430000
"December, 2012",Metropolis,7032000,30985,53305,227,132,2041000,405000
"December, 2012",Aurora,12573000,41384,110689,304,114,4449000,739000
"December, 2012",East Saint Louis,10259000,40000,146527,256,70,3627000,659000
"December, 2012",Elgin,16766000,29850,136250,562,123,7601000,975000
"December, 2012",Des Plaines,34984000,43687,322211,801,109,16387000,2071000
"December, 2012",Joliet,29333000,89000,253903,329,115,11953000,1721000
"January, 2013",Alton,5283000,23000,63037,230,84,654000,327000
"January, 2013",East Peoria,8430000,26116,88795,323,95,1021000,510000
"January, 2013",Rock Island,6261000,42000,89430,149,70,716000,402000
"January, 2013",Metropolis,6654000,30985,50838,215,131,767000,384000
"January, 2013",Aurora,10875000,41384,100295,263,108,1288000,644000
"January, 2013",East Saint Louis,9575000,40000,130281,239,73,1218000,609000
"January, 2013",Elgin,16139000,29850,126361,541,128,1867000,933000
"January, 2013",Des Plaines,32358000,43687,286077,741,113,4360000,1904000
"January, 2013",Joliet,27599000,89000,240091,310,114,3240000,1620000
Feb-13,Alton,5640702,23000,65222,245,86,694514,347257
Feb-13,East Peoria,9215191,26116,91546,352,100,1104611,552306
Feb-13,Rock Island,6585946,42000,94337,156,69,752932,423634
Feb-13,Metropolis,6960551,30985,54166,224,128,804387,402194
Feb-13,Aurora,11663098,41384,100475,281,116,1367260,683630
Feb-13,East Saint Louis,10474236,40000,139168,261,75,1325760,662880
Feb-13,Elgin,14566289,29850,119371,487,122,2123270,847685
Feb-13,Des Plaines,33371322,43687,275056,763,121,7176580,1943622
Feb-13,Joliet,25913740,89000,229544,291,112,3555269,1525231
Mar-13,Alton,6618381,23000,71683,287,92,805204,402602
Mar-13,East Peoria,10312292,26116,102407,394,100,1457889,618022
Mar-13,Rock Island,7923138,42000,110802,188,71,903116,506959
Mar-13,Metropolis,8195390,30985,65424,264,125,950387,475194
Mar-13,Aurora,14209095,41384,130655,343,108,2563275,841110
Mar-13,East Saint Louis,12513738,40000,160575,312,77,2139772,786262
Mar-13,Elgin,19661810,29850,155901,658,126,3770975,1138992
Mar-13,Des Plaines,38149689,43687,325848,873,117,10873318,2233332
Mar-13,Joliet,31598197,89000,274264,355,115,5860252,1854174
Apr-13,Alton,5937582,23000,64442,258,92,722642,361321
Apr-13,East Peoria,9205236,26116,89428,352,102,1789772,549690
Apr-13,Rock Island,7296525,42000,104158,173,70,1063800,468984
Apr-13,Metropolis,7444861,30985,58923,240,126,1181444,431166
Apr-13,Aurora,12533900,41384,108439,302,115,2410311,735134
Apr-13,East Saint Louis,10826412,40000,149501,270,72,2193624,690822
Apr-13,Elgin,17615387,29850,146103,590,120,4255668,1026872
Apr-13,Des Plaines,35078214,43687,304002,802,115,12008424,2057913
Apr-13,Joliet,28590585,89000,252400,321,113,6341767,1681929
May-13,Alton,5727268,23000,66369,249,86,1020979,352732
May-13,East Peoria,9033202,26116,92850,345,97,1766510,544510
May-13,Rock Island,6999358,42000,109113,166,64,1334001,459081
May-13,Metropolis,7833252,30985,61657,252,127,1494133,453320
May-13,Aurora,12927290,41384,116244,312,111,3105193,762608
May-13,East Saint Louis,11455945,40000,149514,286,76,2546102,722311
May-13,Elgin,17670859,29850,146096,591,120,4800804,1029639
May-13,Des Plaines,35278299,43687,327510,807,107,13938162,2091425
May-13,Joliet,30970208,89000,257035,347,120,7868600,1805546
Jun-13,Alton,4394653,23000,51111,191,85,871286,270844
Jun-13,East Peoria,9076176,26116,91313,347,99,2034585,545122
Jun-13,Rock Island,7308023,42000,110099,174,66,1389003,475500
Jun-13,Metropolis,7518012,30985,61675,242,121,1439002,437576
Jun-13,Aurora,12323916,41384,108578,297,113,2990037,724774
Jun-13,East Saint Louis,10367638,40000,147036,259,70,2626790,665418
Jun-13,Elgin,16769750,29850,142120,561,118,5017078,980608
Jun-13,Des Plaines,35276530,43687,307201,807,114,15200637,2071028
Jun-13,Joliet,28250757,89000,241793,317,116,7837426,1654330
Jul-13,Alton,5513201,23000,68280,239,80,1101370,343940
Jul-13,East Peoria,9620661,26116,101325,368,94,2367299,582358
Jul-13,Rock Island,7104161,42000,111821,169,63,1355049,467029
Jul-13,Metropolis,7288763,30985,60747,235,119,1491770,425185
Jul-13,Aurora,12072917,41384,111788,291,108,3520254,715434
Jul-13,East Saint Louis,10461403,40000,147223,261,71,2681997,670293
Jul-13,Elgin,17099391,29850,153623,572,111,5864548,1008593
Jul-13,Des Plaines,35288615,43687,320555,807,110,16520987,2084986
Jul-13,Joliet,27517142,89000,254665,309,108,8650781,1630522
Aug-13,Alton,5574712,23000,68074,242,81,1111723,346810
Aug-13,East Peoria,8991958,26116,97211,344,92,2217613,546809
Aug-13,Rock Island,7235534,42000,108297,172,66,1710196,470074
Aug-13,Metropolis,7640385,30985,60225,246,126,1839537,442244
Aug-13,Aurora,12250237,41384,110807,296,110,3590429,723319
Aug-13,East Saint Louis,10602995,40000,148584,265,71,3212992,678734
Aug-13,Elgin,17090676,29850,140580,572,121,5835630,995114
Aug-13,Des Plaines,36027497,43687,325472,824,110,16863318,2126847
Aug-13,Joliet,29906819,89000,256649,336,116,9687580,1751990
Sep-13,Alton,4951701,23000,60787,215,81,988122,308372
Sep-13,East Peoria,8993401,26116,89651,344,100,2596746,539321
Sep-13,Rock Island,6668491,42000,99845,158,66,1600255,433270
Sep-13,Metropolis,6533672,30985,53097,210,123,1576270,379781
Sep-13,Aurora,11055950,41384,94979,267,116,3725925,647776
Sep-13,East Saint Louis,9699162,40000,135565,242,71,2938400,620523
Sep-13,Elgin,14908868,29850,124675,499,119,5208886,870118
Sep-13,Des Plaines,35224510,43687,320551,806,109,16492132,2081777
Sep-13,Joliet,27625785,89000,236287,310,116,9495470,1617576
Oct-13,Alton,4858677,23000,59986,211,81,1195230,302920
Oct-13,East Peoria,8785792,26116,88971,336,98,2594035,528261
Oct-13,Rock Island,6359286,42000,95811,151,66,1526650,413775
Oct-13,Metropolis,6714721,30985,51209,216,131,1613230,386945
Oct-13,Aurora,10672147,41384,91349,257,116,3651146,624956
Oct-13,East Saint Louis,9367411,40000,132757,234,70,3108766,601128
Oct-13,Elgin,14220251,29850,121514,476,117,5931128,832527
Oct-13,Des Plaines,36512247,43687,326030,835,111,17082571,2151642
Oct-13,Joliet,25362368,89000,225086,284,112,9834915,1493205
Nov-13,Alton,4932837,23000,59739,214,82,1229366,306381
Nov-13,East Peoria,8470005,26116,85198,324,99,2506366,508698
Nov-13,Rock Island,6202897,42000,89655,147,69,1532521,399800
Nov-13,Metropolis,6848955,30985,51508,221,132,1875660,393956
Nov-13,Aurora,10835411,41384,97724,261,110,3716957,639495
Nov-13,East Saint Louis,10028274,40000,129306,250,77,3517801,630720
Nov-13,Elgin,14909703,29850,122109,499,122,6208099,867594
Nov-13,Des Plaines,32827118,43687,307287,751,106,15386777,1948643
Nov-13,Joliet,25962964,89000,225794,291,114,10110024,1523942
Dec-13,Alton,4838648,23000,54566,210,88,1197828,296498
Dec-13,East Peoria,7170200,26116,75445,274,95,2481205,433955
Dec-13,Rock Island,5613517,42000,79140,133,70,1622857,359816
Dec-13,Metropolis,5860622,30985,42565,189,137,1696801,335596
Dec-13,Aurora,10452996,41384,85440,252,122,3568104,608090
Dec-13,East Saint Louis,9203722,40000,119912,230,76,3231034,580098
Dec-13,Elgin,13673605,29850,111788,458,122,5693018,795468
Dec-13,Des Plaines,33518049,43687,291009,767,115,15665140,1966911
Dec-13,Joliet,24430777,89000,203125,274,120,9576042,1424664
Jan-14,Alton,4522589,23000,50690,196,89,553639,276819
Jan-14,East Peoria,6937373,26116,72961,265,95,839659,419830
Jan-14,Rock Island,5497520,42000,75000,130,73,624752,349876
Jan-14,Metropolis,5662116,30985,42410,182,133,651032,325516
Jan-14,Aurora,8961024,41384,76499,216,117,1049100,524550
Jan-14,East Saint Louis,8673808,40000,108087,216,80,1083555,541777
Jan-14,Elgin,12913920,29850,100173,432,128,1491738,745869
Jan-14,Des Plaines,30400553,43687,242373,695,125,3929843,1762401
Jan-14,Joliet,24010479,89000,180372,269,133,2900337,1380896
Feb-14,Alton,4605258,23000,50770,200,90,562066,281033
Feb-14,East Peoria,7732592,26116,76725,296,100,926709,463355
Feb-14,Rock Island,6032829,42000,80581,143,74,683864,382222
Feb-14,Metropolis,6145708,30985,47184,198,130,708939,354469
Feb-14,Aurora,10055707,41384,82536,242,121,1170643,585321
Feb-14,East Saint Louis,9757550,40000,118660,243,82,1213075,606538
Feb-14,Elgin,14410048,29850,110760,482,130,1836822,831262
Feb-14,Des Plaines,32703869,43687,267997,748,122,6914392,1903190
Feb-14,Joliet,23948526,89000,195736,269,122,3160154,1393163
Mar-14,Alton,5542168,23000,60373,240,91,674963,337481
Mar-14,East Peoria,9309123,26116,94809,356,98,1120530,560265
Mar-14,Rock Island,6832140,42000,94288,162,72,777502,435895
Mar-14,Metropolis,7655254,30985,54957,247,139,875439,437720
Mar-14,Aurora,12255320,41384,103569,296,118,1903074,716335
Mar-14,East Saint Louis,10750698,40000,134705,268,79,1658134,672240
Mar-14,Elgin,16778790,29850,127936,562,131,3192160,966876
Mar-14,Des Plaines,39651199,43687,318352,907,124,11083786,2300912
Mar-14,Joliet,29921109,89000,251128,336,119,5211547,1747183
Apr-14,Alton,4635945,23000,53632,201,86,570859,285429
Apr-14,East Peoria,8382199,26116,84589,320,99,1559494,503699
Apr-14,Rock Island,6718470,42000,92089,159,72,770008,428012
Apr-14,Metropolis,6521702,30985,49506,210,131,825041,375591
Apr-14,Aurora,11366649,41384,96679,274,117,2182521,665011
Apr-14,East Saint Louis,9488304,40000,124859,237,75,1910171,599274
Apr-14,Elgin,14986926,29850,117339,502,127,3311874,866685
Apr-14,Des Plaines,37619589,43687,305326,861,123,12837018,2186305
Apr-14,Joliet,27911176,89000,240642,313,115,6131666,1636201
May-14,Alton,5086012,23000,59677,221,85,627955,313978
May-14,East Peoria,8080945,26116,88615,309,91,1591395,492662
May-14,Rock Island,7056781,42000,93310,168,75,1328247,446149
May-14,Metropolis,6945086,30985,62461,224,111,1340312,409715
May-14,Aurora,11386366,41384,95714,275,118,2385295,665032
May-14,East Saint Louis,9416459,40000,126478,235,74,1900836,597301
May-14,Elgin,15051541,29850,123388,504,121,3633373,875965
May-14,Des Plaines,37797103,43687,313085,865,120,15023152,2202940
May-14,Joliet,28843425,89000,251534,324,114,6902931,1693705
Jun-14,Alton,4763074,23000,54887,207,86,897710,293041
Jun-14,East Peoria,7619633,26116,82244,291,92,1497924,463226
Jun-14,Rock Island,6265751,42000,89142,149,70,1185648,402430
Jun-14,Metropolis,6734548,30985,52589,217,128,1283724,389316
Jun-14,Aurora,10412714,41384,93201,251,111,2529263,613837
Jun-14,East Saint Louis,8789796,40000,116467,219,75,2114979,555957
Jun-14,Elgin,14162937,29850,116139,474,121,4084147,824286
Jun-14,Des Plaines,33920843,43687,295486,776,114,14763967,1991528
Jun-14,Joliet,24371696,89000,229445,273,106,6647264,1448030
Jul-14,Alton,4901915,23000,58005,213,84,973845,303101
Jul-14,East Peoria,8204096,26116,87143,314,94,1923301,497348
Jul-14,Rock Island,7028023,42000,103111,167,68,1333015,454512
Jul-14,Metropolis,6623159,30985,57197,213,115,1273447,388355
Jul-14,Aurora,11104777,41384,97489,268,113,2720681,652728
Jul-14,East Saint Louis,9176568,40000,124152,229,73,2313032,582980
Jul-14,Elgin,14631095,29850,117204,490,124,4404722,848759
Jul-14,Des Plaines,35238238,43687,312789,806,112,16482785,2074701
Jul-14,Joliet,27883600,89000,248474,313,112,8369400,1642654
Aug-14,Alton,4933254,23000,55860,214,88,975039,302523
Aug-14,East Peoria,8337227,26116,88900,319,93,2053676,505761
Aug-14,Rock Island,7063340,42000,103303,168,68,1464130,456470
Aug-14,Metropolis,7329946,30985,60391,236,121,1584398,426888
Aug-14,Aurora,11109625,41384,98529,268,112,3252205,654010
Aug-14,East Saint Louis,9545026,40000,127173,238,75,2431887,604424
Aug-14,Elgin,14572063,29850,120289,488,121,4976498,848892
Aug-14,Des Plaines,35640715,43687,314295,815,113,16666912,2096331
Aug-14,Joliet,29363631,89000,247826,329,118,9339604,1716008
Sep-14,Alton,4383102,23000,51859,190,84,870761,271014
Sep-14,East Peoria,7140809,26116,78237,273,91,1763156,435277
Sep-14,Rock Island,5973889,42000,85388,142,69,1429513,384082
Sep-14,Metropolis,6202958,30985,49285,200,125,1494235,359433
Sep-14,Aurora,9775216,41384,85379,236,114,2858942,574140
Sep-14,East Saint Louis,8442551,40000,113913,211,74,2549528,536041
Sep-14,Elgin,13291278,29850,106224,445,125,4532113,770788
Sep-14,Des Plaines,36926259,43687,289757,845,127,17196331,2136070
Sep-14,Joliet,26016758,89000,221628,292,117,8433734,1522466
Oct-14,Alton,4434283,23000,54299,192,81,884598,276013
Oct-14,East Peoria,7374830,26116,83074,282,88,2031426,451816
Oct-14,Rock Island,6052666,42000,87554,144,69,1449404,390187
Oct-14,Metropolis,6429021,30985,50051,207,128,1546632,371502
Oct-14,Aurora,9979599,41384,87821,241,113,3240382,586801
Oct-14,East Saint Louis,9426042,40000,118033,235,79,2828228,589335
Oct-14,Elgin,14047097,29850,112804,470,124,4790915,815159
Oct-14,Des Plaines,36426269,43687,288043,833,126,16967907,2109356
Oct-14,Joliet,25916950,89000,220276,291,117,9647080,1516124
Nov-14,Alton,4225459,23000,48599,183,86,938306,259872
Nov-14,East Peoria,7447474,26116,77677,285,95,2203409,450051
Nov-14,Rock Island,5886940,42000,81646,140,72,1406208,375993
Nov-14,Metropolis,8011981,30985,67694,258,118,1938084,468293
Nov-14,Aurora,10123201,41384,87115,244,116,3464270,593275
Nov-14,East Saint Louis,8286164,40000,104545,207,79,2575433,518853
Nov-14,Elgin,12940015,29850,105282,433,122,4999997,752283
Nov-14,Des Plaines,34106877,43687,279750,780,121,15907595,1985094
Nov-14,Joliet,25573511,89000,219016,287,116,9988988,1497692
Dec-14,Alton,4506216,23000,50232,195,89,1114363,275543
Dec-14,East Peoria,7469204,26116,81935,286,91,2217901,455395
Dec-14,Rock Island,6275654,42000,87128,149,72,1583350,400911
Dec-14,Metropolis,7539281,24269,68119,310,110,2172614,445083
Dec-14,Aurora,10346161,41384,92770,250,111,3548042,610078
Dec-14,East Saint Louis,8775621,40000,103777,219,84,3059631,542558
Dec-14,Elgin,13993822,29850,114557,468,122,5826643,814248
Dec-14,Des Plaines,35037944,43687,291818,802,120,16350711,2043715
Dec-14,Joliet,27891939,89000,222484,313,125,10830710,1617081
Jan-15,Alton,4745179,23000,51428,206,92,577374,288687
Jan-15,East Peoria,7161911,26116,77796,274,92,871783,435892
Jan-15,Rock Island,6031679,42000,81309,143,74,684477,382893
Jan-15,Metropolis,7231363,24269,64292,297,112,851720,425860
Jan-15,Aurora,10211813,41384,87523,246,116,1196227,598114
Jan-15,East Saint Louis,8105951,40000,99704,202,81,1010003,505002
Jan-15,Elgin,13334549,29850,105932,446,125,1545319,772659
Jan-15,Des Plaines,33842502,43687,262631,774,128,4572700,1954756
Jan-15,Joliet,24816558,89000,210081,278,118,2901818,1450908
Feb-15,Alton,4416569,23000,49058,192,90,539773,269886
Feb-15,East Peoria,7743821,26116,79264,296,97,932910,466455
Feb-15,Rock Island,6080223,42000,78344,144,77,686366,382355
Feb-15,Metropolis,5880261,24269,50540,242,116,689106,344553
Feb-15,Aurora,9179304,41384,78830,221,116,1075590,537795
Feb-15,East Saint Louis,8590246,40000,96737,214,88,1052499,526249
Feb-15,Elgin,13564216,29850,104157,454,130,1707143,782368
Feb-15,Des Plaines,31037072,43687,249398,710,124,6674262,1801252
Feb-15,Joliet,23230883,89000,194656,261,119,3026337,1356201
Mar-15,Alton,5279922,23000,54958,229,96,637908,318954
Mar-15,East Peoria,8992630,26116,91185,344,98,1081633,540816
Mar-15,Rock Island,6827203,42000,92747,162,73,775467,434107
Mar-15,Metropolis,7073048,24269,59866,291,118,827037,413518
Mar-15,Aurora,11015828,41384,92032,266,119,1691168,642823
Mar-15,East Saint Louis,9804638,40000,110647,245,88,1314320,600879
Mar-15,Elgin,15241437,29850,115782,510,131,2898815,877854
Mar-15,Des Plaines,38008752,43687,289170,870,131,10669142,2189608
Mar-15,Joliet,27617736,89000,229398,310,120,4830967,1610284
Apr-15,Alton,5203371,23000,49652,226,104,619641,309821
Apr-15,East Peoria,7702124,26116,82868,294,92,1430985,467974
Apr-15,Rock Island,6682012,42000,87561,159,76,802346,421662
Apr-15,Metropolis,6920723,24269,58870,285,117,967717,404906
Apr-15,Aurora,10895268,41384,87750,263,124,2082172,632513
Apr-15,East Saint Louis,9159926,40000,101578,229,90,1806143,559574
Apr-15,Elgin,14293568,29850,108037,478,132,3039137,822715
Apr-15,Des Plaines,38145284,43687,291937,873,130,12981091,2199201
Apr-15,Joliet,27515500,89000,219588,309,125,5886387,1595363
May-15,Alton,5211657,23000,54311,226,95,629788,314894
May-15,East Peoria,8072163,26116,87803,309,91,1588234,491411
May-15,Rock Island,7048088,42300,96233,166,73,1329648,448637
May-15,Metropolis,7999038,24269,62899,329,127,1525630,462851
May-15,Aurora,11495971,41384,97128,277,118,2345960,671927
May-15,East Saint Louis,9353320,40000,111387,233,83,1859605,579053
May-15,Elgin,14871939,29850,116178,498,128,3578542,859775
May-15,Des Plaines,38470146,43687,315467,880,121,15346513,2238974
May-15,Joliet,27851478,89000,233430,312,119,6436220,1626004
Jun-15,Alton,4360926,23000,47305,189,92,847024,265351
Jun-15,East Peoria,7539425,26116,81707,288,92,1482813,458678
Jun-15,Rock Island,6366209,42300,89516,150,71,1203603,407826
Jun-15,Metropolis,6319693,24269,52835,260,119,1211616,368820
Jun-15,Aurora,9875304,41384,80371,238,122,2382685,574136
Jun-15,East Saint Louis,8174521,40000,99552,204,82,1789075,508278
Jun-15,Elgin,14064004,29850,114658,471,122,3912202,817858
Jun-15,Des Plaines,35369312,43687,278254,809,127,15447886,2046720
Jun-15,Joliet,26047183,89000,212073,292,122,7036944,1514432
Jul-15,Alton,4775303,23000,51575,207,92,938828,290340
Jul-15,East Peoria,7931845,26116,89451,303,88,1824171,486043
Jul-15,Rock Island,6744717,42300,94289,159,71,1274615,431525
Jul-15,Metropolis,7134512,24269,60268,293,118,1369076,416994
Jul-15,Aurora,10423720,41384,94070,251,110,2533477,615256
Jul-15,East Saint Louis,9063921,40000,109652,226,82,2258686,562848
Jul-15,Elgin,15311648,29850,125557,512,121,4495885,891139
Jul-15,Des Plaines,38506628,43687,309884,881,124,17947751,2235215
Jul-15,Joliet,27685388,89000,236497,311,117,8016139,1620767
Aug-15,Alton,4510385,23000,49235,196,91,887787,274754
Aug-15,East Peoria,7450814,26116,86605,285,86,1849643,459146
Aug-15,Rock Island,6531470,42300,88253,154,74,1346840,414827
Aug-15,Metropolis,6969854,24269,54869,287,127,1605887,403362
Aug-15,Aurora,9974955,41384,86081,241,115,2820135,584829
Aug-15,East Saint Louis,8661041,40000,103155,216,83,2155044,536207
Aug-15,Elgin,14966801,29850,122545,501,122,5109300,870885
Aug-15,Des Plaines,32869908,43687,301423,752,109,15394305,1944918
Aug-15,Joliet,26603277,89000,230657,298,115,8541688,1560821
Sep-15,Alton,4324334,23000,45249,188,95,847256,261466
Sep-15,East Peoria,7013817,26116,73981,268,94,1726071,424672
Sep-15,Rock Island,6252808,42300,86421,147,72,1493303,399061
Sep-15,Metropolis,6463622,24269,50785,266,127,1555885,373966
Sep-15,Aurora,9090948,41384,81949,219,110,2663909,536496
Sep-15,East Saint Louis,8234765,40000,100703,205,81,2261645,512441
Sep-15,Elgin,13861951,29850,112101,464,123,4729336,805199
Sep-15,Des Plaines,31680561,43687,286253,725,110,14828759,1870281
Sep-15,Joliet,24796238,89000,216407,278,114,7981923,1456219
Oct-15,Alton,4208899,23000,44560,183,94,825677,255005
Oct-15,East Peoria,7229577,26116,74071,276,97,1866703,435550
Oct-15,Rock Island,6244305,42300,85575,147,72,1490544,397790
Oct-15,Metropolis,7576423,24269,57248,312,132,1819191,436069
Oct-15,Aurora,10157181,41384,88586,245,114,3086411,596445
Oct-15,East Saint Louis,8729945,40000,101459,218,86,2603653,537956
Oct-15,Elgin,14473244,29850,116369,484,124,4936542,840031
Oct-15,Des Plaines,38327933,43687,279646,877,137,17806862,2196043
Oct-15,Joliet,25385512,89000,220215,285,115,8885788,1489490
Nov-15,Alton,4092268,23000,41611,177,98,855810,246224
Nov-15,East Peoria,6464440,26116,69117,247,93,1915955,392339
Nov-15,Rock Island,5588932,42300,73470,132,76,1330980,352917
Nov-15,Metropolis,6522398,24269,52299,268,124,1626684,378419
Nov-15,Aurora,8937417,41384,79705,215,112,3064071,526576
Nov-15,East Saint Louis,8067160,40000,92627,201,87,2403723,495985
Nov-15,Elgin,12710625,29850,106109,425,119,4845220,741640
Nov-15,Des Plaines,32948199,43687,259750,754,126,15346189,1907160
Nov-15,Joliet,25212881,89000,210012,283,120,9791090,1470656
Dec-15,Alton,3455096,23000,36103,150,95,849603,208858
Dec-15,East Peoria,6703391,26116,74233,256,90,1991898,409403
Dec-15,Rock Island,6346747,42300,81980,150,77,1597218,399317
Dec-15,Metropolis,7341329,24269,54897,302,133,2128660,421963
Dec-15,Aurora,9987106,41384,87365,241,114,3420539,586720
Dec-15,East Saint Louis,9032190,40000,99432,225,90,2931597,551041
Dec-15,Elgin,14807968,29850,117320,496,126,6157827,857718
Dec-15,Des Plaines,35806984,43687,280412,819,127,16673967,2070761
Dec-15,Joliet,24568042,89000,221369,276,110,9565793,1449771
Jan-16,Alton,3575332,23000,35851,155,99,429235,214618
Jan-16,East Peoria,6889349,26116,73330,263,93,835595,417797
Jan-16,Rock Island,6164807,42300,78365,145,78,695108,386605
Jan-16,Metropolis,6544988,24269,55527,269,117,765553,382776
Jan-16,Aurora,10022341,41384,81350,242,123,1164950,582467
Jan-16,East Saint Louis,8756754,40000,99108,218,88,1073891,536946
Jan-16,Elgin,13687450,29850,113246,458,120,1595237,797619
Jan-16,Des Plaines,35001709,43687,259223,801,135,4772245,2009308
Jan-16,Joliet,27214644,89000,220440,305,123,3162344,1581173
Feb-16,Alton,4190187,23000,43069,182,97,505157,252578
Feb-16,East Peoria,7245959,26116,75264,277,96,875124,437562
Feb-16,Rock Island,6250717,42300,79281,147,78,704353,391817
Feb-16,Metropolis,6664564,24269,57527,274,115,781510,390755
Feb-16,Aurora,10021858,41384,78339,242,127,1158864,579432
Feb-16,East Saint Louis,9555387,40000,104908,238,91,1165355,582677
Feb-16,Elgin,13422084,29850,106713,449,125,1713850,777817
Feb-16,Des Plaines,33681559,43687,257082,770,131,7342600,1941160
Feb-16,Joliet,24357209,89000,208814,273,116,3356438,1426674
Mar-16,Alton,4611947,23000,47179,200,97,555553,277776
Mar-16,East Peoria,8051831,26116,82541,308,97,970265,485133
Mar-16,Rock Island,6527751,42300,84937,154,76,737712,411325
Mar-16,Metropolis,7022597,24269,57795,289,121,817850,408925
Mar-16,Aurora,10451250,41384,86192,252,121,1629668,608754
Mar-16,East Saint Louis,9817293,40000,107317,245,91,1431071,598182
Mar-16,Elgin,15189146,29850,116134,508,130,2890369,875591
Mar-16,Des Plaines,37197703,43687,282551,851,131,10772682,2142436
Mar-16,Joliet,27818084,89000,224645,312,123,4932254,1615549
Apr-16,Alton,4317689,23000,46374,187,93,524517,262258
Apr-16,East Peoria,7543026,26116,76250,288,98,1261565,453401
Apr-16,Rock Island,7000267,42300,89119,165,78,859911,439132
Apr-16,Metropolis,7254991,24269,53686,298,135,1019407,416436
Apr-16,Aurora,11311592,41384,88693,273,127,2156915,654273
Apr-16,East Saint Louis,9646112,40000,107814,241,89,1903698,590120
Apr-16,Elgin,15037714,29850,116086,503,129,3230592,867972
Apr-16,Des Plaines,36198683,43687,279518,828,129,12323608,2089452
Apr-16,Joliet,27048013,89000,219336,303,123,5889078,1571736
May-16,Alton,4281223,23000,47813,186,89,523748,261874
May-16,East Peoria,6799231,26116,74526,260,91,1338917,414488
May-16,Rock Island,6780944,42300,94759,160,71,1281424,433806
May-16,Metropolis,6760302,24269,53106,278,127,1289265,391121
May-16,Aurora,9902498,41384,85838,239,115,1990090,580963
May-16,East Saint Louis,9834273,40000,106237,245,92,1933472,597951
May-16,Elgin,14158348,29850,113038,474,125,3411704,820955
May-16,Des Plaines,38408493,43687,286833,879,133,15343037,2207258
May-16,Joliet,25821122,89000,217834,290,118,6047719,1508890
Jun-16,Alton,4015430,23000,43633,174,92,488809,244405
Jun-16,East Peoria,6658940,26116,70888,254,93,1307090,403835
Jun-16,Rock Island,6226218,42300,89864,147,69,1179452,401175
Jun-16,Metropolis,6136869,24269,47974,252,127,1169900,354817
Jun-16,Aurora,9374405,41384,80429,226,116,2270099,549149
Jun-16,East Saint Louis,8729708,40000,94169,218,92,2033013,530654
Jun-16,Elgin,12395719,29850,101513,415,122,3436586,721299
Jun-16,Des Plaines,34061855,43687,264274,779,128,14880790,1967367
Jun-16,Joliet,24510367,89000,206020,275,118,6648194,1431538
Jul-16,Alton,4719000,23000,52305,205,90,929821,288255
Jul-16,East Peoria,7220253,26116,80554,276,89,1445082,441567
Jul-16,Rock Island,7173848,42300,100418,169,71,1355841,459110
Jul-16,Metropolis,7862949,24269,57689,323,136,1491394,450836
Jul-16,Aurora,10849857,41384,89748,262,120,2620714,632241
Jul-16,East Saint Louis,9408469,40000,106216,235,88,2329338,576639
Jul-16,Elgin,14930889,29850,121593,500,122,4349180,868137
Jul-16,Des Plaines,37757791,43687,295372,864,127,17581750,2183262
Jul-16,Joliet,27283415,89000,231642,306,117,7887652,1595813
Aug-16,Alton,3999826,23000,44372,173,90,788714,244363
Aug-16,East Peoria,6889425,26116,74550,263,92,1699221,419021
Aug-16,Rock Island,6513086,42300,89229,153,72,1360901,414883
Aug-16,Metropolis,6207105,24269,49004,255,126,1406970,359359
Aug-16,Aurora,10032867,41384,84173,242,119,2774074,585816
Aug-16,East Saint Louis,8806893,40000,96438,220,91,2174427,536783
Aug-16,Elgin,13657094,29850,109382,457,124,4598387,792237
Aug-16,Des Plaines,35678885,43687,281319,816,126,16618136,2065263
Aug-16,Joliet,24292587,89000,210976,272,115,7820459,1425605
Sep-16,Alton,4195812,23000,45551,182,92,825369,255342
Sep-16,East Peoria,6449055,26116,69576,246,92,1590189,392029
Sep-16,Rock Island,5987911,42300,85778,141,69,1433058,385174
Sep-16,Metropolis,6497585,24269,49245,267,131,1560447,374124
Sep-16,Aurora,9571944,41384,81341,231,117,2794967,559938
Sep-16,East Saint Louis,8646549,40000,98086,216,88,2551718,530413
Sep-16,Elgin,12924989,29850,108617,433,119,4417855,754866
Sep-16,Des Plaines,36437850,43687,272193,834,133,16941418,2094085
Sep-16,Joliet,24276017,89000,210724,272,115,7839445,1424524
Oct-16,Alton,3935387,23000,44699,171,88,778091,241468
Oct-16,East Peoria,6626757,26116,66504,253,99,1624028,397842
Oct-16,Rock Island,6164400,42300,85076,145,72,1472066,393296
Oct-16,Metropolis,6458018,24269,49048,266,131,1551150,371949
Oct-16,Aurora,9015577,41384,78943,217,114,2664879,529722
Oct-16,East Saint Louis,8733786,40000,96208,218,90,2594207,532897
Oct-16,Elgin,12606483,29850,104911,422,120,4306929,735235
Oct-16,Des Plaines,34438698,43687,267363,788,128,16032140,1989298
Oct-16,Joliet,24769206,89000,201676,278,122,8463332,1440136
Nov-16,Alton,3749289,23000,39878,163,94,735882,227342
Nov-16,East Peoria,6018759,26116,61028,230,98,1545906,361966
Nov-16,Rock Island,5661760,42300,75970,133,74,1349866,359058
Nov-16,Metropolis,6319978,24269,46065,260,137,1514125,362064
Nov-16,Aurora,9893350,41384,82166,239,120,3379671,576833
Nov-16,East Saint Louis,8430327,40000,88377,210,95,2513371,509893
Nov-16,Elgin,13053333,29850,99116,437,131,4520309,751783
Nov-16,Des Plaines,34287480,43687,259726,784,132,15948818,1974100
Nov-16,Joliet,23870328,89000,196808,268,121,9239569,1390325
Dec-16,Alton,3543218,23000,37667,154,94,695397,214828
Dec-16,East Peoria,6077890,26116,61174,232,99,1793768,365068
Dec-16,Rock Island,5178896,42300,69040,122,75,1265822,327985
Dec-16,Metropolis,6629920,24269,42797,273,154,1845319,374293
Dec-16,Aurora,10071611,41384,85266,243,118,3443806,588847
Dec-16,East Saint Louis,8878074,40000,91158,221,97,3067690,535062
Dec-16,Elgin,12570985,29850,101780,421,123,5231954,730329
Dec-16,Des Plaines,35292613,43687,258376,807,136,16398428,2023007
Dec-16,Joliet,23735133,89000,185435,266,127,9185869,1372192
Jan-17,Alton,3740989,23000,37128,162,100,448355,224177
Jan-17,East Peoria,5944460,26116,59067,227,100,712580,356290
Jan-17,Rock Island,5475236,42300,71507,129,76,619031,345269
Jan-17,Metropolis,6517348,24269,42690,268,152,737115,368557
Jan-17,Aurora,10240701,41384,82381,247,124,1188832,594416
Jan-17,East Saint Louis,8214558,40000,85933,205,95,993742,496661
Jan-17,Elgin,13036727,29850,104332,436,124,1512337,756168
Jan-17,Des Plaines,33787373,43687,254640,773,132,4547070,1944009
Jan-17,Joliet,24469330,89000,201421,274,121,2849775,1424887
Feb-17,Alton,4055476,23000,41615,176,97,488778,244389
Feb-17,East Peoria,6671671,26116,64482,255,103,796131,398066
Feb-17,Rock Island,5799393,42300,75787,137,76,655726,365757
Feb-17,Metropolis,6367204,24269,43181,262,147,723082,361541
Feb-17,Aurora,9348987,41384,76060,225,122,1087019,543509
Feb-17,East Saint Louis,9054283,40000,92869,226,97,1091166,545583
Feb-17,Elgin,13583912,29850,104792,455,129,1689523,783988
Feb-17,Des Plaines,33299990,43687,246699,762,134,7175264,1911699
Feb-17,Joliet,24283317,89000,194518,272,124,3151430,1408684
Mar-17,Alton,4592994,23000,46492,199,98,552283,276142
Mar-17,East Peoria,7355591,26116,74126,281,99,883811,441906
Mar-17,Rock Island,6450855,42300,81736,152,78,726822,404279
Mar-17,Metropolis,7271614,24269,48321,299,150,823803,411902
Mar-17,Aurora,12387107,41384,95282,299,130,1952534,714637
Mar-17,East Saint Louis,9925915,40000,103423,248,95,1364044,599719
Mar-17,Elgin,16052197,29850,123093,537,130,3055321,925703
Mar-17,Des Plaines,38931351,43687,272083,891,143,11155591,2218651
Mar-17,Joliet,27709652,89000,220172,311,125,4861919,1605654
Apr-17,Alton,4230709,23000,41951,183,100,506973,253486
Apr-17,East Peoria,6770949,26116,64063,259,105,935921,402610
Apr-17,Rock Island,5880029,42300,77284,139,76,665287,371285
Apr-17,Metropolis,6757133,24269,45680,278,147,910571,383537
Apr-17,Aurora,10123181,41384,84589,244,119,1940735,590748
Apr-17,East Saint Louis,9393788,40000,97350,234,96,1838613,567039
Apr-17,Elgin,14717481,29850,113340,493,129,3171755,849214
Apr-17,Des Plaines,36967399,43687,259857,846,142,12534119,2108227
Apr-17,Joliet,26904072,89000,207853,302,129,5742022,1553057
May-17,Alton,3480782,23000,35248,151,98,418574,209287
May-17,East Peoria,6714723,26116,67449,257,99,1309974,403185
May-17,Rock Island,6021952,42300,80300,142,74,1029555,381398
May-17,Metropolis,6561714,24269,44960,270,145,1238220,373046
May-17,Aurora,10040490,41384,83098,242,120,2030305,585122
May-17,East Saint Louis,8973618,40000,95417,224,94,1761217,544098
May-17,Elgin,14967160,29850,114533,501,130,3596677,862891
May-17,Des Plaines,37591467,43687,269014,860,139,15048573,2148587
May-17,Joliet,26069360,89000,215053,292,121,5970559,1518521
Jun-17,Alton,4020656,23000,42433,174,94,486932,243466
Jun-17,East Peoria,6194720,26116,65823,237,94,1215722,375559
Jun-17,Rock Island,5837575,42300,81391,138,71,1102967,373270
Jun-17,Metropolis,6265706,24269,44544,258,140,1185586,357829
Jun-17,Aurora,9636673,41384,77171,232,124,2322593,559005
Jun-17,East Saint Louis,8519621,40000,91276,212,93,1877575,517257
Jun-17,Elgin,14342521,29850,115318,480,124,4042703,832444
Jun-17,Des Plaines,34873420,43687,251311,798,138,15224540,1994982
Jun-17,Joliet,24879695,89000,201045,279,123,6735307,1445030
Jul-17,Alton,4323656,23000,46356,187,93,783472,262539
Jul-17,East Peoria,6822461,26116,70929,261,96,1335789,412052
Jul-17,Rock Island,6597710,42300,91579,155,72,1246178,421464
Jul-17,Metropolis,7107457,24269,48460,292,146,1340725,403833
Jul-17,Aurora,10357730,41384,89332,250,115,2509153,607219
Jul-17,East Saint Louis,8644132,40000,98835,216,87,2142600,531042
Jul-17,Elgin,15417447,29850,126837,516,121,4599344,897709
Jul-17,Des Plaines,38381410,43687,274520,878,139,17820675,2193591
Jul-17,Joliet,26217183,89000,220088,294,119,7460974,1530947
Aug-17,Alton,3834585,23000,42376,166,90,755804,234105
Aug-17,East Peoria,7085447,26116,66871,271,105,1551696,421143
Aug-17,Rock Island,6033616,42300,85562,142,70,1141445,387243
Aug-17,Metropolis,6199583,24269,42621,255,145,1322557,352600
Aug-17,Aurora,10078218,41384,83830,243,120,2795913,587741
Aug-17,East Saint Louis,8141017,40000,90008,203,90,2011745,497059
Aug-17,Elgin,14306249,29850,113893,479,125,4877317,829205
Aug-17,Des Plaines,34240299,43687,261452,783,130,15931039,1973467
Aug-17,Joliet,25572274,89000,207374,287,123,8108374,1485988
Sep-17,Alton,4313675,23000,44128,187,97,843149,259812
Sep-17,East Peoria,6480021,26116,64649,248,100,1587303,388650
Sep-17,Rock Island,5943531,42300,81468,140,72,1323581,378645
Sep-17,Metropolis,6836275,24269,44806,281,152,1627774,386620
Sep-17,Aurora,10032170,41384,85583,242,117,2930013,587191
Sep-17,East Saint Louis,7792437,40000,84846,194,91,2105959,474468
Sep-17,Elgin,14231520,29850,106119,476,134,4837482,817695
Sep-17,Des Plaines,36147403,43687,268443,827,134,16803217,2075813
Sep-17,Joliet,25673724,89000,208549,288,123,8230816,1492235
Oct-17,Alton,4032549,23000,41097,175,98,787890,242724
Oct-17,East Peoria,6623893,26116,63511,253,104,1617398,394706
Oct-17,Rock Island,5608525,42300,78601,132,71,1340519,359027
Oct-17,Metropolis,6405746,24269,43479,263,147,1528251,363766
Oct-17,Aurora,10147623,41384,82497,245,123,3075234,589878
Oct-17,East Saint Louis,7695727,40000,79042,192,97,2274409,463828
Oct-17,Elgin,13008980,29850,93907,435,138,4415732,744356
Oct-17,Des Plaines,36122945,43687,250291,826,144,16755907,2056438
Oct-17,Joliet,24901421,89000,202476,279,122,8421655,1447547
Nov-17,Alton,3551374,23000,37658,154,94,696806,215227
Nov-17,East Peoria,6202045,26116,57483,237,107,1510426,367585
Nov-17,Rock Island,5441630,42300,73681,128,73,1298048,345763
Nov-17,Metropolis,6155647,24269,40524,253,151,1466069,348306
Nov-17,Aurora,8971842,41384,73591,216,121,3063031,522183
Nov-17,East Saint Louis,7466018,40000,77620,186,96,2208395,450921
Nov-17,Elgin,12445836,29850,93393,416,133,4689935,715685
Nov-17,Des Plaines,34291507,43687,247701,784,138,15926580,1962276
Nov-17,Joliet,24118688,89000,187828,270,128,9313595,1393762
Dec-17,Alton,3796890,23000,38339,165,99,741134,228184
Dec-17,East Peoria,6006080,26116,57723,229,104,1660417,358027
Dec-17,Rock Island,5417331,42300,70268,128,77,1289167,341135
Dec-17,Metropolis,7054245,24269,42926,290,164,1898041,395638
Dec-17,Aurora,9588227,41384,78165,231,122,3272504,557576
Dec-17,East Saint Louis,8297611,40000,80571,207,102,2548921,495452
Dec-17,Elgin,12629321,29850,99941,423,126,5251611,731407
Dec-17,Des Plaines,38399319,43687,254402,878,150,17788497,2174368
Dec-17,Joliet,25427142,89000,189522,285,134,9809989,1460879
Jan-18,Alton,3245385,23000,36140,141,89,396818,198409
Jan-18,East Peoria,5583635,26116,54375,213,102,667113,333557
Jan-18,Rock Island,5310763,42300,70258,125,75,601334,335796
Jan-18,Metropolis,4766126,24269,32532,196,146,541677,270838
Jan-18,Aurora,9098635,41384,70235,219,129,1050334,525167
Jan-18,East Saint Louis,7577183,40000,70715,189,107,899148,449574
Jan-18,Elgin,12349139,29850,90391,413,136,1415696,707848
Jan-18,Des Plaines,34982596,43687,231222,800,151,4709398,1980352
Jan-18,Joliet,22263096,89000,170955,250,130,2568219,1284110
